Collection name	Owner	Size (GB)	Total	Compound Objects	BMP	DB	DOC	DOCM	DOCX	GIF	HTM	HTML	JP2	JPF	JPG	LNK	M4V	MHT	MOV	MP3	MP4	Null	PDF	PNG	RAM	RM	SID	TIF	TXT	URL	WAV	WMV	XLS	XLSX
Beachrock Research Slides of Richard J. Russell Collection	LSU	0.13	497	0	0	0	0	0	0	0	0	0	0	0	497	0	0	0	0	0	0	0	0	0	0	0	0	0	0	0	0	0	0	0
Louisiana Ecology and Conservation, The Percy Viosca Jr. Collection	LSU	1.15	1097	0	0	0	0	0	0	0	0	0	0	0	1096	0	0	0	0	0	0	0	0	0	0	0	0	1	0	0	0	0	0	0
Louisiana images from the Standard Oil Collection, Univ. of Louisville	LSU	0.38	2136	0	0	0	0	0	0	0	0	0	2136	0	0	0	0	0	0	0	0	0	0	0	0	0	0	0	0	0	0	0	0	0
24th General Hospital in World War II	Tulane	0.64	134	0	0	0	0	0	0	0	0	0	134	0	0	0	0	0	0	0	0	0	0	0	0	0	0	0	0	0	0	0	0	0
Abe L. Shushan Collection	UNO	0.06	424	4	0	0	0	0	0	0	0	0	0	0	420	0	0	0	0	0	0	0	0	0	0	0	0	0	0	0	0	0	0	0
Actors and Musicians Photographs, 1880-1920	LSU	0.01	192	64	0	0	0	0	0	0	0	0	4	0	124	0	0	0	0	0	0	0	0	0	0	0	0	0	0	0	0	0	0	0
Aleman Estate (Hathaway Gibbens) Collection	UNO	1.32	214	71	0	0	0	0	0	0	0	0	143	0	0	0	0	0	0	0	0	0	0	0	0	0	0	0	0	0	0	0	0	0
Alfred and William Waud Collection	HNOC	15.74	2732	4	0	0	0	0	0	0	0	0	2728	0	0	0	0	0	0	0	0	0	0	0	0	0	0	0	0	0	0	0	0	0
America at War	TAHIL	0.57	1079	129	0	0	0	0	0	0	0	0	1	0	748	0	0	0	0	0	0	0	0	0	0	0	201	0	0	0	0	0	0	0
America Between the Wars 1920-1940	TAHIL	0.03	153	6	0	0	0	0	0	0	0	0	0	0	139	0	0	0	0	0	0	0	0	0	0	0	8	0	0	0	0	0	0	0
American Missionary Association Photographs, 1839-1954	Tulane	0.36	3342	0	0	0	0	0	0	0	0	0	0	0	3342	0	0	0	0	0	0	0	0	0	0	0	0	0	0	0	0	0	0	0
Amistad Research Center Oral History Collection	Tulane	0.4	9	0	0	0	0	0	0	0	0	0	0	0	0	0	0	0	0	8	1	0	0	0	0	0	0	0	0	0	0	0	0	0
Andrew Augustus Gunby Photograph Collection	ULM	0.76	419	30	0	0	0	0	0	0	0	0	389	0	0	0	0	0	0	0	0	0	0	0	0	0	0	0	0	0	0	0	0	0
'Andrew D. Lytle's Baton Rouge' Photograph Collection	LSU	0.9	799	0	0	0	0	0	0	0	0	0	799	0	0	0	0	0	0	0	0	0	0	0	0	0	0	0	0	0	0	0	0	0
Antebellum Period	TAHIL	0.07	235	10	0	0	0	0	0	0	0	0	0	0	201	0	0	0	0	0	0	0	0	0	0	0	24	0	0	0	0	0	0	0
Anthony J. Stanonis Pamphlet Collection	Loyola	0.29	34	1	0	0	0	0	0	0	0	0	18	0	0	0	0	0	0	0	0	0	0	0	0	0	0	15	0	0	0	0	0	0
Archives of Cajun and Creole Folklore	ULL	0.08	163	0	0	0	0	0	0	0	0	0	0	0	0	0	0	0	163	0	0	0	0	0	0	0	0	0	0	0	0	0	0	0
Aristides Agramonte Yellow Fever Collection	LSUHSCNO	16.22	12058	136	0	0	0	0	0	0	0	0	11908	0	0	0	0	0	0	0	0	0	14	0	0	0	0	0	0	0	0	0	0	0
Armand Duplantier Family Letters, LSU Libraries	LSU	2.34	655	95	0	0	0	0	0	0	0	0	370	0	0	0	0	0	0	0	0	0	190	0	0	0	0	0	0	0	0	0	0	0
Baby Boom American Collection	TAHIL	0.01	36	5	0	0	0	0	0	0	0	0	0	0	27	0	0	0	0	0	0	0	0	0	0	0	4	0	0	0	0	0	0	0
Ben Treadaway WWII Shell Beach Collection	Nunez Community College?	0.01	64	7	0	0	0	0	0	0	0	0	0	0	57	0	0	0	0	0	0	0	0	0	0	0	0	0	0	0	0	0	0	0
Black Natchez	Tulane	0.48	1	0	0	0	0	0	0	0	0	0	0	0	0	0	0	0	0	0	1	0	0	0	0	0	0	0	0	0	0	0	0	0
Bourbon Street, 1944-1952	Tulane	1.68	229	0	0	0	0	0	0	0	0	0	229	0	0	0	0	0	0	0	0	0	0	0	0	0	0	0	0	0	0	0	0	0
Camp Ruston Collection	La Tech	0.05	246	2	0	0	0	0	0	0	0	0	1	0	243	0	0	0	0	0	0	0	0	0	0	0	0	0	0	0	0	0	0	0
Carnival Collection	Tulane	46.73	5657	56	0	0	0	0	0	0	0	0	5601	0	0	0	0	0	0	0	0	0	0	0	0	0	0	0	0	0	0	0	0	0
Caroline Wogan Durieux Works of Art	LSU	0.97	232	0	0	0	0	0	0	0	0	0	222	0	0	0	0	0	0	0	0	0	0	0	0	0	10	0	0	0	0	0	0	0
Cenobium - LSU School of Veterinary Medicine's Yearbook	LSU	0.21	14	0	0	0	0	0	0	0	0	0	0	0	0	0	0	0	0	0	0	0	14	0	0	0	0	0	0	0	0	0	0	0
Center for Louisiana Studies Archive	ULL	0.15	1237	0	0	0	0	0	0	0	0	0	0	0	1237	0	0	0	0	0	0	0	0	0	0	0	0	0	0	0	0	0	0	0
Charity Hospital Archive	LSUHSCNO	0	0	0	0	0	0	0	0	0	0	0	0	0	0	0	0	0	0	0	0	0	0	0	0	0	0	0	0	0	0	0	0	0
Charity Hospital Reports	Tulane	2.08	114	114	0	0	0	0	0	0	0	0	0	0	0	0	0	0	0	0	0	0	0	0	0	0	0	0	0	0	0	0	0	0
Charles L. Franck and Franck-Bertacci	HNOC	55.43	10646	0	0	0	0	0	0	0	0	0	10646	0	0	0	0	0	0	0	0	0	0	0	0	0	0	0	0	0	0	0	0	0
Charles L. Thompson Photographs	LSU	0.02	19	0	0	0	0	0	0	0	0	0	0	0	19	0	0	0	0	0	0	0	0	0	0	0	0	0	0	0	0	0	0	0
Charles V. Booth Collection	UNO	0.18	859	0	0	0	0	0	0	0	0	0	859	0	0	0	0	0	0	0	0	0	0	0	0	0	0	0	0	0	0	0	0	0
Chickamauga and Chattanooga National Military Park Photographs	LSU	0.01	87	29	0	0	0	0	0	0	0	0	0	0	58	0	0	0	0	0	0	0	0	0	0	0	0	0	0	0	0	0	0	0
Civil War Context and Conflict at LSU Libraries	LSU	24.6	4314	128	0	0	0	0	0	0	0	0	4173	0	0	0	0	0	0	0	0	0	13	0	0	0	0	0	0	0	0	0	0	0
Civil War Photograph Album, 1862-1900	LSU	0.02	402	134	0	0	0	0	0	0	0	0	0	0	268	0	0	0	0	0	0	0	0	0	0	0	0	0	0	0	0	0	0	0
Clarence John Laughlin Photograph Collection	HNOC	11.89	1878	0	0	0	0	0	0	0	0	0	1878	0	0	0	0	0	0	0	0	0	0	0	0	0	0	0	0	0	0	0	0	0
Col. Joseph S. Tate Photograph Album	LSU	34.88	103	0	0	0	0	0	0	0	0	0	103	0	0	0	0	0	0	0	0	0	0	0	0	0	0	0	0	0	0	0	0	0
Cole Coleman Photographs	Tulane	0.18	560	0	0	0	0	0	0	0	0	0	559	0	0	0	0	0	0	0	0	0	0	0	0	0	0	1	0	0	0	0	0	0
Collected Historical Documents from the A.P. Tureaud Papers	Tulane	3.67	0	0	0	0	0	0	0	0	0	0	0	0	0	0	0	0	0	0	0	0	0	0	0	0	0	0	0	0	0	0	0	0
Collection de caricatures et de charges pour servir à l'histoire de la guerre et	LSU	0	0	0	0	0	0	0	0	0	0	0	0	0	0	0	0	0	0	0	0	0	0	0	0	0	0	0	0	0	0	0	0	0
Colville River Delta, Alaska Collection	LSU	0	2142	0	0	0	0	0	0	2116	0	0	0	0	1	0	0	0	0	0	0	0	25	0	0	0	0	0	0	0	0	0	0	0
David R. Williams Collection	ULL	0.51	0	0	0	0	0	0	0	0	0	0	0	0	0	0	0	0	0	0	0	0	0	0	0	0	0	0	0	0	0	0	0	0
Designing Carnival- Mardi Gras Costume and Float Designs	HNOC	0.09	76	0	0	0	0	0	0	0	0	0	76	0	0	0	0	0	0	0	0	0	0	0	0	0	0	0	0	0	0	0	0	0
Diacritics TEST Armand Duplantier Family Letters, LSU Libraries	LSU	0.25	641	93	0	0	0	0	0	0	0	0	0	0	362	0	0	0	0	0	0	0	186	0	0	0	0	0	0	0	0	0	0	0
Donn Young Photographs	LSU	0.07	285	0	0	0	0	0	0	0	0	0	0	0	285	0	0	0	0	0	0	0	0	0	0	0	0	0	0	0	0	0	0	0
Doussan family papers, 1827-1872	LSU	0.28	455	94	0	0	0	0	0	0	0	0	361	0	0	0	0	0	0	0	0	0	0	0	0	0	0	0	0	0	0	0	0	0
Driftwood - Student newspapers at the University of New Orleans	UNO	0.04	8	0	0	0	0	0	0	0	0	0	0	0	0	0	0	0	0	0	0	0	8	0	0	0	0	0	0	0	0	0	0	0
Early Images of Latin America	Tulane	9.72	1680	0	0	0	0	0	0	0	0	0	1678	0	2	0	0	0	0	0	0	0	0	0	0	0	0	0	0	0	0	0	0	0
Early Louisiana French Correspondence	LSU	0.49	527	101	0	0	0	0	0	0	0	0	1	0	316	0	0	0	0	0	0	0	101	0	0	0	0	8	0	0	0	0	0	0
Edith Dabney Doll Collection	LSU	0.34	416	82	0	0	0	0	0	0	0	0	334	0	0	0	0	0	0	0	0	0	0	0	0	0	0	0	0	0	0	0	0	0
Edna Tiny Tarbutton Collection	ULM	15.27	934	13	0	0	0	0	0	0	0	0	920	0	0	1	0	0	0	0	0	0	0	0	0	0	0	0	0	0	0	0	0	0
Ernest J. Gaines Papers	ULL	0.05	59	3	0	0	0	0	0	0	0	0	33	0	23	0	0	0	0	0	0	0	0	0	0	0	0	0	0	0	0	0	0	0
Essai d'Anatomie	Tulane	0.12	28	1	0	0	0	0	0	0	0	0	27	0	0	0	0	0	0	0	0	0	0	0	0	0	0	0	0	0	0	0	0	0
Ex Parte Plessy (Plessy v. Ferguson)	UNO	0.13	159	14	0	0	0	0	0	0	0	0	145	0	0	0	0	0	0	0	0	0	0	0	0	0	0	0	0	0	0	0	0	0
Fonville Winans’ Aerial Views of Baton Rouge	LSU	8.05	459	0	0	0	0	0	0	0	0	0	459	0	0	0	0	0	0	0	0	0	0	0	0	0	0	0	0	0	0	0	0	0
Frances B. Johnston Photograph Collection	Louisiana State Museum	0.04	438	0	0	0	0	0	0	0	0	0	0	0	438	0	0	0	0	0	0	0	0	0	0	0	0	0	0	0	0	0	0	0
Frank B. Moore Collection	UNO	0.09	545	0	0	0	0	0	0	0	0	0	0	0	545	0	0	0	0	0	0	0	0	0	0	0	0	0	0	0	0	0	0	0
Free People of Color in Louisiana	LSU	25.31	31938	1885	0	0	0	0	0	0	0	0	30053	0	0	0	0	0	0	0	0	0	0	0	0	0	0	0	0	0	0	0	0	0
French Colonial, Spanish Colonial, and Nineteenth-Century Louisiana Documents	Tulane	3.14	1510	122	0	0	0	0	0	0	0	0	29	0	0	0	0	0	0	0	0	0	1359	0	0	0	0	0	0	0	0	0	0	0
G. H. Suydam Photograph Album	LSU	0.06	60	20	0	0	0	0	0	0	0	0	0	0	40	0	0	0	0	0	0	0	0	0	0	0	0	0	0	0	0	0	0	0
Generic Collection Template (Dublin 2)	N/A	0	0	0	0	0	0	0	0	0	0	0	0	0	0	0	0	0	0	0	0	0	0	0	0	0	0	0	0	0	0	0	0	0
George C. Strong Photograph Album	LSU	0	44	0	0	0	0	0	0	0	0	0	0	0	44	0	0	0	0	0	0	0	0	0	0	0	0	0	0	0	0	0	0	0
George Francois Mugnier Collection	Louisiana State Museum	0.1	1174	0	0	0	0	0	0	0	0	0	0	0	1174	0	0	0	0	0	0	0	0	0	0	0	0	0	0	0	0	0	0	0
George Francois Mugnier New Orleans Scenes	LSU	0.12	61	0	0	0	0	0	0	0	0	0	0	0	61	0	0	0	0	0	0	0	0	0	0	0	0	0	0	0	0	0	0	0
Germany’s Wild Medicinal Plants (Deutschlands wildwachsende Arzney-Pflanzen)	Loyola	0.23	49	0	0	0	0	0	0	0	0	0	49	0	0	0	0	0	0	0	0	0	0	0	0	0	0	0	0	0	0	0	0	0
Graduation Programs of the LSU Health Sciences Center, New Orleans	LSUHSCNO	0.15	2038	149	0	0	0	0	0	0	0	0	0	0	1889	0	0	0	0	0	0	0	0	0	0	0	0	0	0	0	0	0	0	0
Gras-Lauzin Family Papers	LSU	0.36	357	70	0	0	0	0	0	0	0	0	247	0	0	0	0	0	0	0	0	0	40	0	0	0	0	0	0	0	0	0	0	0
Great Southern Lumber Company, 1924-1938	LSU	0.06	128	0	0	0	0	0	0	0	0	0	0	0	126	0	0	0	0	0	0	0	2	0	0	0	0	0	0	0	0	0	0	0
Griffin 1932 Flood Collection	ULM	3.29	310	0	0	0	0	0	0	0	0	0	310	0	0	0	0	0	0	0	0	0	0	0	0	0	0	0	0	0	0	0	0	0
Guiseppe Ferrata Score Collection	Tulane	0.19	78	12	0	0	0	0	0	0	0	0	0	0	0	0	0	0	0	0	0	0	66	0	0	0	0	0	0	0	0	0	0	0
Gulf South Decorative and Fine Arts Database	HNOC	34.88	8533	949	0	0	0	0	0	0	0	0	7584	0	0	0	0	0	0	0	0	0	0	0	0	0	0	0	0	0	0	0	0	0
Gumbo - Louisiana State University's Yearbook	LSU	33.01	38762	102	0	0	0	0	0	0	0	0	38660	0	0	0	0	0	0	0	0	0	0	0	0	0	0	0	0	0	0	0	0	0
Harper's Weekly Journal of Civilization and Frank Leslie's Illustrated Newspaper	SUBR	0.34	490	0	0	0	0	0	0	0	0	0	0	0	490	0	0	0	0	0	0	0	0	0	0	0	0	0	0	0	0	0	0	0
Hebert Nuremburg Files	LSU	0.1	467	36	0	0	0	0	0	7	0	0	0	0	424	0	0	0	0	0	0	0	0	0	0	0	0	0	0	0	0	0	0	0
Hermann Moyse, Sr. World War I Collection	LSU	12.04	1414	20	0	0	0	0	0	0	0	0	1394	0	0	0	0	0	0	0	0	0	0	0	0	0	0	0	0	0	0	0	0	0
Higgins Industries	UNO	2.14	639	0	0	0	0	0	0	0	0	0	639	0	0	0	0	0	0	0	0	0	0	0	0	0	0	0	0	0	0	0	0	0
Historic Images of Baton Rouge from LSU Libraries	LSU	0.01	14	3	0	0	0	0	0	0	0	0	1	0	10	0	0	0	0	0	0	0	0	0	0	0	0	0	0	0	0	0	0	0
Historic Louisiana Library Photographs	State Library 	0	0	0	0	0	0	0	0	0	0	0	0	0	0	0	0	0	0	0	0	0	0	0	0	0	0	0	0	0	0	0	0	0
Historic New Orleans Collection	HNOC	0.05	336	12	0	0	0	0	0	0	0	0	0	0	324	0	0	0	0	0	0	0	0	0	0	0	0	0	0	0	0	0	0	0
Historic Photographs of Southwest Louisiana	McNeese	4.53	5636	2	0	0	0	0	0	52	0	0	3149	0	2376	0	0	0	0	0	0	0	0	0	0	0	0	57	0	0	0	0	0	0
History of Louisiana Dental Education Archives	LSUHSCNO	0	0	0	0	0	0	0	0	0	0	0	0	0	0	0	0	0	0	0	0	0	0	0	0	0	0	0	0	0	0	0	0	0
Hogan Jazz Archive Photography Collection	Tulane	39.44	2492	0	0	0	0	0	0	0	0	0	2492	0	0	0	0	0	0	0	0	0	0	0	0	0	0	0	0	0	0	0	0	0
Huey P. Long Collection	TAHIL	0.06	213	12	0	0	0	0	0	0	0	0	0	0	181	0	0	0	0	0	0	0	0	0	0	0	20	0	0	0	0	0	0	0
Huey P. Long Photograph Album, 1928-1935	LSU	0.01	31	0	0	0	0	0	0	0	0	0	0	0	31	0	0	0	0	0	0	0	0	0	0	0	0	0	0	0	0	0	0	0
Images from the Civil War and Reconstruction	Tulane	5.45	1061	1	0	0	0	0	0	0	0	0	1057	0	0	0	0	0	0	0	0	0	3	0	0	0	0	0	0	0	0	0	0	0
Integration and the Black Experience at LSU	LSU	0.06	30	3	0	0	0	0	0	0	0	0	0	0	3	0	0	0	0	0	0	0	11	0	11	2	0	0	0	0	0	0	0	0
Isidore Newman School Archives	UNO	0.26	178	23	0	0	0	0	0	0	0	0	155	0	0	0	0	0	0	0	0	0	0	0	0	0	0	0	0	0	0	0	0	0
Israel Shreve Letters	La Tech	0	0	0	0	0	0	0	0	0	0	0	0	0	0	0	0	0	0	0	0	0	0	0	0	0	0	0	0	0	0	0	0	0
Jack Ritchie Collection	La Tech	0	0	0	0	0	0	0	0	0	0	0	0	0	0	0	0	0	0	0	0	0	0	0	0	0	0	0	0	0	0	0	0	0
Jambalaya and T-Wave Yearbooks	Tulane	3.85	134	0	0	0	0	0	0	0	0	0	0	0	0	0	0	0	0	0	0	0	134	0	0	0	0	0	0	0	0	0	0	0
Jay Dearborn Edwards Photograph Collection	HNOC	0	0	0	0	0	0	0	0	0	0	0	0	0	0	0	0	0	0	0	0	0	0	0	0	0	0	0	0	0	0	0	0	0
Jesuit scrapbooks from the New Orleans Province	Loyola	0.09	260	1	0	0	0	0	0	0	0	0	0	0	259	0	0	0	0	0	0	0	0	0	0	0	0	0	0	0	0	0	0	0
John B. Heroman, Sr. photograph collection, circa 1885-1940	LSU	6.01	815	15	0	0	0	0	0	0	0	0	800	0	0	0	0	0	0	0	0	0	0	0	0	0	0	0	0	0	0	0	0	0
John C. McDonald	LSUHSCS	0	1	0	0	0	0	0	0	0	0	0	0	0	1	0	0	0	0	0	0	0	0	0	0	0	0	0	0	0	0	0	0	0
John Gould's Birds of Great Britain	Loyola	0.27	37	0	0	0	0	0	0	0	0	0	37	0	0	0	0	0	0	0	0	0	0	0	0	0	0	0	0	0	0	0	0	0
John James Audubon in Louisiana	LSU	2.23	39	0	0	0	0	0	0	0	0	0	39	0	0	0	0	0	0	0	0	0	0	0	0	0	0	0	0	0	0	0	0	0
John Kennedy Toole Papers	Tulane	0.06	202	2	0	0	0	0	0	0	0	0	0	0	0	0	0	0	0	0	0	0	200	0	0	0	0	0	0	0	0	0	0	0
John Langdon Ward Lantern Slides	LSU	0.01	107	0	0	0	0	0	0	0	0	0	0	0	107	0	0	0	0	0	0	0	0	0	0	0	0	0	0	0	0	0	0	0
John Norris Teunisson Photographs	Louisiana State Museum	0.05	467	0	0	0	0	0	0	0	0	0	0	0	467	0	0	0	0	0	0	0	0	0	0	0	0	0	0	0	0	0	0	0
John T. Mendes Photograph Collection	HNOC	0.54	609	0	0	0	0	0	0	0	0	0	609	0	0	0	0	0	0	0	0	0	0	0	0	0	0	0	0	0	0	0	0	0
Joseph Bauer Family Album	UNO	0.12	222	1	0	0	0	0	0	0	0	0	0	0	221	0	0	0	0	0	0	0	0	0	0	0	0	0	0	0	0	0	0	0
Joseph H. Fichter, S.J. Tapes	Loyola	6.07	173	0	0	0	0	0	0	0	0	0	0	0	0	0	0	0	0	173	0	0	0	0	0	0	0	0	0	0	0	0	0	0
Joseph-Aurélien Cornet, F.S.C. Collection	Loyola	8.83	7231	41	0	0	0	0	0	0	0	0	7190	0	0	0	0	0	0	0	0	0	0	0	0	0	0	0	0	0	0	0	0	0
Judge John Minor Wisdom Collection	UNO	21.69	1438	221	0	0	0	0	0	0	0	0	1217	0	0	0	0	0	0	0	0	0	0	0	0	0	0	0	0	0	0	0	0	0
L'Acadien Yearbooks	ULL	0.3	218	2	0	0	0	0	0	0	0	0	0	0	0	0	0	0	0	0	0	0	216	0	0	0	0	0	0	0	0	0	0	0
Lafcadio Hearn Correspondence	Loyola	0.62	61	10	0	0	0	0	0	0	0	0	51	0	0	0	0	0	0	0	0	0	0	0	0	0	0	0	0	0	0	0	0	0
LCOC - LOUIS Collection of Collections	N/A	0.01	204	0	0	0	0	0	0	0	0	0	2	0	192	0	0	0	0	0	0	0	0	10	0	0	0	0	0	0	0	0	0	0
LCOC Random image generator	N/A	0	98	0	0	0	0	0	0	0	0	0	0	0	98	0	0	0	0	0	0	0	0	0	0	0	0	0	0	0	0	0	0	0
Leon Trice Louisiana Political Photographs	Tulane	1.11	150	0	0	0	0	0	0	0	0	0	150	0	0	0	0	0	0	0	0	0	0	0	0	0	0	0	0	0	0	0	0	0
Leon Trice Photograph Collection	HNOC	0.74	832	0	0	0	0	0	0	0	0	0	832	0	0	0	0	0	0	0	0	0	0	0	0	0	0	0	0	0	0	0	0	0
Lettres de Louisiane	LSU	0.25	174	38	0	0	0	0	0	0	0	0	98	0	0	0	0	0	0	0	0	0	38	0	0	0	0	0	0	0	0	0	0	0
Lindy Boggs Collection	LSUHSCNO	0.14	41	3	0	0	0	0	0	0	0	0	38	0	0	0	0	0	0	0	0	0	0	0	0	0	0	0	0	0	0	0	0	0
Lippman Collection of Civil War Postal Covers	Tulane	0.03	40	0	0	0	0	0	0	0	0	0	40	0	0	0	0	0	0	0	0	0	0	0	0	0	0	0	0	0	0	0	0	0
Louis Hasslemans' Musicians Photographs	LSU	0.03	47	3	0	0	0	0	0	0	0	0	0	0	44	0	0	0	0	0	0	0	0	0	0	0	0	0	0	0	0	0	0	0
Louisiana Coastal Ecology, Richard J. Russell Collection	LSU	0.24	210	0	0	0	0	0	0	0	0	0	0	0	123	0	0	0	0	0	0	0	74	0	13	0	0	0	0	0	0	0	0	0
Louisiana Decoys and Wildfowl Artifacts	HNOC	3.28	426	59	0	0	0	0	0	0	0	0	367	0	0	0	0	0	0	0	0	0	0	0	0	0	0	0	0	0	0	0	0	0
Louisiana Department of Wildlife and Fisheries Documents - LSU Libraries	LSU	2.2	576	0	0	0	0	0	0	0	0	0	0	0	0	0	0	0	0	0	0	0	576	0	0	0	0	0	0	0	0	0	0	0
Louisiana Documents of the State Library	State Library 	0	0	0	0	0	0	0	0	0	0	0	0	0	0	0	0	0	0	0	0	0	0	0	0	0	0	0	0	0	0	0	0	0
Louisiana Early English Corpus	LSU	1.25	1161	220	0	0	0	0	0	0	0	0	529	0	1	0	0	0	0	0	0	0	411	0	0	0	0	0	0	0	0	0	0	0
Louisiana Ephemera at the University of New Orleans	UNO	0	1	0	0	0	0	0	0	0	0	0	0	0	0	0	0	0	0	0	0	0	1	0	0	0	0	0	0	0	0	0	0	0
Louisiana Furniture Image Database	HNOC	0	12	2	0	0	0	0	0	0	0	0	10	0	0	0	0	0	0	0	0	0	0	0	0	0	0	0	0	0	0	0	0	0
Louisiana Hurricane Resources	UNO	0.21	259	4	0	0	0	0	0	0	0	0	1	0	217	0	0	0	0	0	0	0	37	0	0	0	0	0	0	0	0	0	0	0
Louisiana Menu and Restaurant Collection	Tulane	2.14	1046	0	0	0	0	0	0	0	0	0	0	0	0	0	0	0	0	0	0	0	1046	0	0	0	0	0	0	0	0	0	0	0
Louisiana Newspaper Access Program - LaNeAP	LSU	11.46	3230	80	0	0	0	0	0	0	0	0	3067	0	0	0	0	0	0	0	0	0	83	0	0	0	0	0	0	0	0	0	0	0
Louisiana Photographs Collection	UNO	0.12	198	4	0	0	0	0	0	0	0	0	0	0	194	0	0	0	0	0	0	0	0	0	0	0	0	0	0	0	0	0	0	0
Louisiana Political Ephemera, 1860-1920	Tulane	0.45	99	18	0	0	0	0	0	0	0	0	81	0	0	0	0	0	0	0	0	0	0	0	0	0	0	0	0	0	0	0	0	0
Louisiana Purchase and Louisiana Colonial History	TAHIL	0.14	337	42	0	0	0	0	0	0	0	0	2	0	282	0	0	0	0	0	0	0	0	0	0	0	11	0	0	0	0	0	0	0
Louisiana Purchase Bicentennial Collection	LSU	10.44	24553	885	0	0	0	0	0	0	0	0	12	0	23072	0	0	0	0	0	0	0	0	0	0	0	0	584	0	0	0	0	0	0
Louisiana Railroad Depot Photograph Collection	LSU	0.01	129	0	0	0	0	0	0	0	0	0	129	0	0	0	0	0	0	0	0	0	0	0	0	0	0	0	0	0	0	0	0	0
Louisiana Runaway Slave Advertisements, 1836-1865	LSU	0.04	354	40	0	0	0	0	0	0	0	0	314	0	0	0	0	0	0	0	0	0	0	0	0	0	0	0	0	0	0	0	0	0
Louisiana Science and Technology Collection	Louisiana State Museum	0	0	0	0	0	0	0	0	0	0	0	0	0	0	0	0	0	0	0	0	0	0	0	0	0	0	0	0	0	0	0	0	0
Louisiana Sea Grant Digital Images Collection	LSU	5.34	2262	0	0	0	0	0	0	0	0	0	2262	0	0	0	0	0	0	0	0	0	0	0	0	0	0	0	0	0	0	0	0	0
Louisiana Sea Grant Digital Maps Collection	LSU	6.54	213	0	0	0	0	0	0	0	0	0	213	0	0	0	0	0	0	0	0	0	0	0	0	0	0	0	0	0	0	0	0	0
Louisiana Sea Grant Multimedia Collection	LSU	0	0	0	0	0	0	0	0	0	0	0	0	0	0	0	0	0	0	0	0	0	0	0	0	0	0	0	0	0	0	0	0	0
Louisiana Sheet Music	Tulane	2.42	630	0	0	0	0	0	0	0	0	0	1	0	0	0	0	0	0	0	0	0	629	0	0	0	0	0	0	0	0	0	0	0
Louisiana State Aerial Photographs	LSU	1.19	4699	0	0	0	0	0	0	0	0	0	0	0	4699	0	0	0	0	0	0	0	0	0	0	0	0	0	0	0	0	0	0	0
Louisiana State Documents Digital Archive	State Library 	20.5	15739	87	1	1	191	10	3	0	1	1	7	0	0	0	0	587	0	0	0	0	12324	0	0	0	0	0	9	2514	0	0	3	0
Louisiana State Museum	Louisiana State Museum	0.05	100	2	0	0	0	0	0	0	0	0	0	0	54	0	0	0	0	0	0	0	0	0	0	0	44	0	0	0	0	0	0	0
Louisiana State Museum Carnival Collection	Louisiana State Museum	16.81	668	0	0	0	0	0	0	0	0	0	667	0	1	0	0	0	0	0	0	0	0	0	0	0	0	0	0	0	0	0	0	0
Louisiana State Museum Costumes and Textiles Collection	Louisiana State Museum	1.2	274	0	0	0	0	0	0	0	0	0	274	0	0	0	0	0	0	0	0	0	0	0	0	0	0	0	0	0	0	0	0	0
Louisiana State Museum Currency Collection	Louisiana State Museum	1.49	285	0	0	0	0	0	0	0	0	0	285	0	0	0	0	0	0	0	0	0	0	0	0	0	0	0	0	0	0	0	0	0
Louisiana State Museum Historical Center	Louisiana State Museum	0.01	8	0	0	0	0	0	0	0	0	0	0	0	0	0	0	0	0	0	0	0	8	0	0	0	0	0	0	0	0	0	0	0
Louisiana State Museum Historical Map Collection	Louisiana State Museum	0.3	180	0	0	0	0	0	0	0	0	0	180	0	0	0	0	0	0	0	0	0	0	0	0	0	0	0	0	0	0	0	0	0
Louisiana State Museum Hurricane Katrina Oral History Project	Louisiana State Museum	0	41	4	0	0	0	0	0	0	0	0	0	0	0	0	0	0	0	0	0	0	0	0	37	0	0	0	0	0	0	0	0	0
Louisiana State Museum Jazz Collection	Louisiana State Museum	4.1	3501	0	0	0	0	0	0	0	0	0	2351	0	3	0	0	0	0	0	0	0	0	0	1147	0	0	0	0	0	0	0	0	0
Louisiana State Museum Newcomb College Arts and Crafts	Louisiana State Museum	5.09	387	0	0	0	0	0	0	0	0	0	387	0	0	0	0	0	0	0	0	0	0	0	0	0	0	0	0	0	0	0	0	0
Louisiana State Museum Photography Collection	Louisiana State Museum	0.19	193	1	0	0	0	0	0	0	0	0	115	0	77	0	0	0	0	0	0	0	0	0	0	0	0	0	0	0	0	0	0	0
Louisiana State Museum Trade Labels	Louisiana State Museum	0.49	330	0	0	0	0	0	0	0	0	0	330	0	0	0	0	0	0	0	0	0	0	0	0	0	0	0	0	0	0	0	0	0
Louisiana State Museum W.P.A. French Quarter Architectural Record	Louisiana State Museum	1.43	321	0	0	0	0	0	0	0	0	0	321	0	0	0	0	0	0	0	0	0	0	0	0	0	0	0	0	0	0	0	0	0
Louisiana State Sovereignty Commission Pamphlets of the Civil Rights Era	McNeese	0	0	0	0	0	0	0	0	0	0	0	0	0	0	0	0	0	0	0	0	0	0	0	0	0	0	0	0	0	0	0	0	0
Louisiana State University Agricultural Experiment Station Reports	LSU	6.9	807	0	0	0	0	0	0	0	0	0	0	0	0	0	0	0	0	0	0	0	807	0	0	0	0	0	0	0	0	0	0	0
Louisiana Sugar Resources Digital Collection	LSU	12.85	2618	21	0	0	0	0	0	0	0	0	567	0	0	0	0	0	0	0	0	0	2030	0	0	0	0	0	0	0	0	0	0	0
Louisiana Works Progress Administration (WPA)	State Library 	2.44	10273	1445	0	0	0	0	0	0	0	0	27	0	8801	0	0	0	0	0	0	0	0	0	0	0	0	0	0	0	0	0	0	0
Loyola University Maroon	Loyola	68.79	22059	2018	0	0	0	0	0	0	0	0	20041	0	0	0	0	0	0	0	0	0	0	0	0	0	0	0	0	0	0	0	0	0
Loyola University New Orleans Athletics Collection	Loyola	13.5	38	0	0	0	0	0	0	0	0	0	0	0	0	0	0	0	0	0	38	0	0	0	0	0	0	0	0	0	0	0	0	0
Loyola University New Orleans Community and Resilience Collection	Loyola	0	0	0	0	0	0	0	0	0	0	0	0	0	0	0	0	0	0	0	0	0	0	0	0	0	0	0	0	0	0	0	0	0
Loyola University New Orleans Electronic Theses	Loyola	0.91	195	194	0	0	0	0	0	0	0	0	0	0	0	0	0	0	0	0	0	1	0	0	0	0	0	0	0	0	0	0	0	0
Loyola University New Orleans Finding Aids	Loyola	0.04	102	34	0	0	0	0	0	0	0	68	0	0	0	0	0	0	0	0	0	0	0	0	0	0	0	0	0	0	0	0	0	0
Loyola University New Orleans Scrapbook Collection	Loyola	1.66	773	15	0	0	0	0	0	0	0	0	758	0	0	0	0	0	0	0	0	0	0	0	0	0	0	0	0	0	0	0	0	0
Loyola University New Orleans Special Collections and Archives Online	Loyola	4.92	291	18	0	0	0	0	0	0	0	0	269	0	1	0	0	0	0	0	3	0	0	0	0	0	0	0	0	0	0	0	0	0
Loyola University New Orleans University Photographs Collection	Loyola	3.49	6738	0	0	0	0	0	0	0	0	0	6724	0	14	0	0	0	0	0	0	0	0	0	0	0	0	0	0	0	0	0	0	0
LSU Architectural Drawings by Theodore Link	LSU	0.04	163	0	0	0	0	0	0	0	0	0	0	0	163	0	0	0	0	0	0	0	0	0	0	0	0	0	0	0	0	0	0	0
LSU Health Sciences Center New Orleans - Catalog and Bulletin	LSUHSCNO	2.5	128	128	0	0	0	0	0	0	0	0	0	0	0	0	0	0	0	0	0	0	0	0	0	0	0	0	0	0	0	0	0	0
LSU Health Sciences Center New Orleans Newspaper Clippings Collection	LSUHSCNO	6.44	7749	228	0	0	0	0	0	0	0	0	3252	0	4266	0	0	0	0	0	0	0	0	0	0	0	0	3	0	0	0	0	0	0
LSU Health Sciences Center Shreveport Alumni Collection	LSUHSCS	0.72	73	1	0	0	0	0	0	0	0	0	64	0	0	0	0	0	0	0	0	0	8	0	0	0	0	0	0	0	0	0	0	0
LSU Health Sciences Center Shreveport Audiovisual Collection	LSUHSCS	0.05	4	1	0	0	0	0	0	0	0	0	1	0	0	0	0	0	2	0	0	0	0	0	0	0	0	0	0	0	0	0	0	0
LSU Health Sciences Center Shreveport Newspaper Clippings	LSUHSCS	1.04	3421	1651	0	0	0	0	0	0	0	0	0	0	0	0	0	0	0	0	0	0	1770	0	0	0	0	0	0	0	0	0	0	0
LSU Health Sciences Center Shreveport Photograph Collection	LSUHSCS	0.14	853	0	0	0	0	0	0	0	0	0	39	0	814	0	0	0	0	0	0	0	0	0	0	0	0	0	0	0	0	0	0	0
LSU Libraries Exhibitions	LSU	0	0	0	0	0	0	0	0	0	0	0	0	0	0	0	0	0	0	0	0	0	0	0	0	0	0	0	0	0	0	0	0	0
LSU Libraries Louisiana and Lower Mississippi Valley Collections	LSU	0.58	347	19	0	0	0	0	0	0	0	0	328	0	0	0	0	0	0	0	0	0	0	0	0	0	0	0	0	0	0	0	0	0
LSU Libraries Louisiana Waterways Management Collection	LSU	1.84	267	20	0	0	0	0	0	0	0	0	38	0	41	0	0	0	0	0	0	0	168	0	0	0	0	0	0	0	0	0	0	0
LSU Libraries Mardi Gras Collection	LSU	1.52	431	24	0	0	0	0	0	0	0	0	406	0	0	0	0	0	0	0	0	0	0	0	0	0	0	0	1	0	0	0	0	0
LSU Libraries Political Papers Collection	LSU	0	0	0	0	0	0	0	0	0	0	0	0	0	0	0	0	0	0	0	0	0	0	0	0	0	0	0	0	0	0	0	0	0
LSU Libraries Postcard Collections	LSU	2.65	1824	608	0	0	0	0	0	0	0	0	1030	0	186	0	0	0	0	0	0	0	0	0	0	0	0	0	0	0	0	0	0	0
LSU Libraries' Rare Books Collection - Selected materials	LSU	0.28	537	2	0	0	0	0	0	0	0	0	224	0	311	0	0	0	0	0	0	0	0	0	0	0	0	0	0	0	0	0	0	0
LSU Music Resources Sheet Music Collection	LSU	2.54	763	7	0	0	0	0	0	0	0	0	0	0	0	0	0	0	0	0	0	0	756	0	0	0	0	0	0	0	0	0	0	0
LSU School of Dentistry Historic Photographs	LSUHSCNO	0.01	82	6	0	0	0	0	0	0	0	0	0	0	76	0	0	0	0	0	0	0	0	0	0	0	0	0	0	0	0	0	0	0
LSU Special Collections Online	LSU	0.2	100	14	0	0	0	0	0	0	0	0	57	0	3	0	0	0	0	0	0	0	14	0	11	0	0	1	0	0	0	0	0	0
LSU TEST	LSU	0.22	186	8	0	0	0	0	0	0	0	0	10	3	146	0	0	0	0	1	0	0	17	0	0	0	0	0	0	1	0	0	0	0
LSU University Archives Photographs Collection	LSU	25.23	1239	200	0	0	0	0	0	0	0	0	314	0	725	0	0	0	0	0	0	0	0	0	0	0	0	0	0	0	0	0	0	0
LSU University Archives Print Materials Collection	LSU	0.17	218	11	0	0	0	0	0	0	0	0	35	0	171	0	0	0	0	0	0	0	0	0	0	0	0	1	0	0	0	0	0	0
Lumières - A Publication of the Friends of the LSU Libraries	LSU	0.63	60	0	0	0	0	0	0	0	0	0	0	0	0	0	0	0	0	0	0	0	60	0	0	0	0	0	0	0	0	0	0	0
M. O. Gershenzon Archive	Tulane	0.08	30	10	0	0	0	0	0	0	0	0	20	0	0	0	0	0	0	0	0	0	0	0	0	0	0	0	0	0	0	0	0	0
Maps from the Historic New Orleans Collection	HNOC	0.69	122	0	0	0	0	0	0	0	0	0	122	0	0	0	0	0	0	0	0	0	0	0	0	0	0	0	0	0	0	0	0	0
Maps of Louisiana Collection	LSU	0.07	56	1	0	0	0	0	0	0	0	0	35	0	20	0	0	0	0	0	0	0	0	0	0	0	0	0	0	0	0	0	0	0
Marcus Christian Collection	UNO	0.03	49	49	0	0	0	0	0	0	0	0	0	0	0	0	0	0	0	0	0	0	0	0	0	0	0	0	0	0	0	0	0	0
Marshall Dunham Photograph Album	LSU	0.58	600	200	0	0	0	0	0	0	0	0	0	0	400	0	0	0	0	0	0	0	0	0	0	0	0	0	0	0	0	0	0	0
Martin-Pugh Family Papers	Nicholls	0	6	1	0	0	0	0	0	0	0	0	0	0	5	0	0	0	0	0	0	0	0	0	0	0	0	0	0	0	0	0	0	0
Mary McMurran and Conner Family	ULM	0.62	1416	99	0	0	0	0	0	0	0	0	1317	0	0	0	0	0	0	0	0	0	0	0	0	0	0	0	0	0	0	0	0	0
Matas Health Sciences Library Historic Photographs	Tulane	0.38	67	0	0	0	0	0	0	0	0	0	67	0	0	0	0	0	0	0	0	0	0	0	0	0	0	0	0	0	0	0	0	0
McNeese State University Electronic Theses	McNeese	0.37	90	0	0	0	0	0	0	0	0	0	0	0	0	0	0	0	0	0	0	0	90	0	0	0	0	0	0	0	0	0	0	0
Medieval Manuscript Facsimiles Inventory	LSU	4.14	138	29	0	0	0	0	0	0	0	0	36	0	73	0	0	0	0	0	0	0	0	0	0	0	0	0	0	0	0	0	0	0
Menus, restaurant brochures, and food advertising flyers from the Louisiana Re	Tulane	0	0	0	0	0	0	0	0	0	0	0	0	0	0	0	0	0	0	0	0	0	0	0	0	0	0	0	0	0	0	0	0	0
Mesoamerican Painted Manuscripts at the Latin American Library	Tulane	0.36	32	1	0	0	0	0	0	0	0	0	15	0	2	0	0	0	0	0	0	0	14	0	0	0	0	0	0	0	0	0	0	0
Mexican Incunabula (1559-1600) at the Latin American Library	Tulane	0.76	10	0	0	0	0	0	0	0	0	0	0	0	0	0	0	0	0	0	0	0	10	0	0	0	0	0	0	0	0	0	0	0
Millspaugh Photographs	Northwestern State University	0.02	168	0	0	0	0	0	0	0	0	0	0	0	168	0	0	0	0	0	0	0	0	0	0	0	0	0	0	0	0	0	0	0
Mingo Family African American Photographs, 1887-1955	LSU	0.08	32	0	0	0	0	0	0	0	0	0	32	0	0	0	0	0	0	0	0	0	0	0	0	0	0	0	0	0	0	0	0	0
Mississippi River Flood of 1927 Photograph Album	LSU	0.02	215	0	0	0	0	0	0	0	0	0	0	0	215	0	0	0	0	0	0	0	0	0	0	0	0	0	0	0	0	0	0	0
Mistick Krewe of Comus 1873 Missing Links Parade Costume Designs	Tulane	1.13	101	0	0	0	0	0	0	0	0	0	101	0	0	0	0	0	0	0	0	0	0	0	0	0	0	0	0	0	0	0	0	0
Mistick Krewe of Comus 1910 Float Designs	Tulane	0.15	20	0	0	0	0	0	0	0	0	0	20	0	0	0	0	0	0	0	0	0	0	0	0	0	0	0	0	0	0	0	0	0
Natchez, MS	LSU	0.28	35	7	0	0	0	0	0	0	0	0	4	0	24	0	0	0	0	0	0	0	0	0	0	0	0	0	0	0	0	0	0	0
Natchitoches Cane River Civil Rights Oral Histories - Louisiana State Museum	Louisiana State Museum	0	192	0	0	0	0	0	0	0	0	0	0	0	0	0	0	0	0	0	0	0	0	0	192	0	0	0	0	0	0	0	0	0
Natchitoches Chamber of Commerce Collection	Northwestern State University	0.06	400	0	0	0	0	0	0	0	0	0	0	0	400	0	0	0	0	0	0	0	0	0	0	0	0	0	0	0	0	0	0	0
Native Flora of Louisiana - Watercolor drawings by Margaret Stones	LSU	0.96	238	1	0	0	0	0	0	0	0	0	237	0	0	0	0	0	0	0	0	0	0	0	0	0	0	0	0	0	0	0	0	0
New Orleans Centennial Exposition Stereoscopic Views	LSU	0.44	195	65	0	0	0	0	0	0	0	0	0	0	130	0	0	0	0	0	0	0	0	0	0	0	0	0	0	0	0	0	0	0
New Orleans Chamber of Commerce Photographs	Louisiana State Museum	0.07	982	0	0	0	0	0	0	0	0	0	0	0	982	0	0	0	0	0	0	0	0	0	0	0	0	0	0	0	0	0	0	0
New Orleans Image Collections at the LSU Libraries	LSU	0.08	61	0	0	0	0	0	0	0	0	0	0	0	61	0	0	0	0	0	0	0	0	0	0	0	0	0	0	0	0	0	0	0
New Orleans Independent Music Digital Collection	Tulane	0.23	37	0	0	0	0	0	0	0	0	0	0	0	0	0	0	0	0	37	0	0	0	0	0	0	0	0	0	0	0	0	0	0
New Orleans Negative Exposures and Prints, circa 1900-1930	LSU	0.01	65	0	0	0	0	0	0	0	0	0	0	0	65	0	0	0	0	0	0	0	0	0	0	0	0	0	0	0	0	0	0	0
New Orleans Review Collection	Loyola	0.55	54	54	0	0	0	0	0	0	0	0	0	0	0	0	0	0	0	0	0	0	0	0	0	0	0	0	0	0	0	0	0	0
Newcomb College Scrapbooks	Tulane	1.99	1706	9	0	0	0	0	0	0	0	0	1697	0	0	0	0	0	0	0	0	0	0	0	0	0	0	0	0	0	0	0	0	0
Nicaraguan Presidential Papers	Tulane	0.12	57	0	0	0	0	0	0	0	0	0	0	0	0	0	0	0	0	0	0	0	57	0	0	0	0	0	0	0	0	0	0	0
NOLA Hip Hop and Bounce Archive	Tulane	24.97	124	38	0	0	0	0	0	0	0	0	38	0	0	0	0	0	0	0	48	0	0	0	0	0	0	0	0	0	0	0	0	0
Northeast Louisiana Historic Images Collection	ULM	1.83	363	8	0	0	0	0	0	0	0	0	355	0	0	0	0	0	0	0	0	0	0	0	0	0	0	0	0	0	0	0	0	0
Northwest Louisiana Map Collection	LSUS	0.14	71	0	0	0	0	0	0	0	0	0	71	0	0	0	0	0	0	0	0	0	0	0	0	0	0	0	0	0	0	0	0	0
OECS Test	Tulane	0.01	3	0	0	0	0	0	0	0	0	0	0	0	2	0	0	0	0	0	0	0	0	0	0	0	0	1	0	0	0	0	0	0
Ogden Museum of Southern Art	UNO	0.54	486	0	0	0	0	0	0	0	0	0	0	0	202	0	0	0	0	0	0	0	0	0	0	0	284	0	0	0	0	0	0	0
Olide Schexnayder Collection	Louisiana State Museum	0.14	187	0	0	0	0	0	0	0	0	0	0	0	0	0	0	0	0	0	0	0	0	0	0	0	187	0	0	0	0	0	0	0
Oral Histories of New Orleans Jazz	Tulane	0.01	4	0	0	0	0	0	0	0	0	0	0	0	0	0	0	0	0	0	0	0	4	0	0	0	0	0	0	0	0	0	0	0
Orleans Parish School Board Meeting Minutes	UNO	16.31	7528	18	0	0	0	0	0	0	0	0	7510	0	0	0	0	0	0	0	0	0	0	0	0	0	0	0	0	0	0	0	0	0
Orleans Parish School Board Meeting Minutes -- Indexes	UNO	0.12	117	3	0	0	0	0	0	0	0	0	114	0	0	0	0	0	0	0	0	0	0	0	0	0	0	0	0	0	0	0	0	0
Orleans Parish School Board Photographs	UNO	0.1	2416	0	0	0	0	0	0	0	0	0	2416	0	0	0	0	0	0	0	0	0	0	0	0	0	0	0	0	0	0	0	0	0
Painting in Louisiana from the Historic New Orleans Collection	HNOC	12.68	1737	20	0	0	0	0	0	0	0	0	1547	0	170	0	0	0	0	0	0	0	0	0	0	0	0	0	0	0	0	0	0	0
Paintings from the Louisiana State Museum	Louisiana State Museum	9.92	715	0	0	0	0	0	0	0	0	0	713	0	2	0	0	0	0	0	0	0	0	0	0	0	0	0	0	0	0	0	0	0
Perine-Giles-Sartain Engravings, circa 19th century	LSU	0.02	76	0	0	0	0	0	0	0	0	0	0	0	76	0	0	0	0	0	0	0	0	0	0	0	0	0	0	0	0	0	0	0
Print Culture of the Civil Rights Movement, 1950-1980	Tulane	0.31	169	0	0	0	0	0	0	0	0	0	0	0	0	0	0	0	0	0	0	0	169	0	0	0	0	0	0	0	0	0	0	0
Ralston Crawford Collection of Jazz Photography	Tulane	6.05	786	0	0	0	0	0	0	0	0	0	786	0	0	0	0	0	0	0	0	0	0	0	0	0	0	0	0	0	0	0	0	0
Reconstruction Through Progressivism Collection	TAHIL	0.01	18	0	0	0	0	0	0	0	0	0	0	0	7	0	0	0	0	0	0	0	0	0	0	0	11	0	0	0	0	0	0	0
Records of the French Superior Council (1714-1769)	Louisiana State Museum	20.66	723	131	0	0	0	0	0	0	0	0	592	0	0	0	0	0	0	0	0	0	0	0	0	0	0	0	0	0	0	0	0	0
Records of the Spanish Cabildo (1769-1803)	Louisiana State Museum	0.18	251	11	0	0	0	0	0	0	0	0	240	0	0	0	0	0	0	0	0	0	0	0	0	0	0	0	0	0	0	0	0	0
Registre Du Comite Medical De La Nouvelle Orleans, 1816-1854	Tulane	0.28	234	3	0	0	0	0	0	0	0	0	231	0	0	0	0	0	0	0	0	0	0	0	0	0	0	0	0	0	0	0	0	0
Rene Grandjean Collection - Seance Registers	UNO	0	0	0	0	0	0	0	0	0	0	0	0	0	0	0	0	0	0	0	0	0	0	0	0	0	0	0	0	0	0	0	0	0
Robert S.Maestri Photograph Collection	Louisiana State Museum	0.07	830	0	0	0	0	0	0	0	0	0	0	0	830	0	0	0	0	0	0	0	0	0	0	0	0	0	0	0	0	0	0	0
Robert Tebbs Photograph	Louisiana State Museum	0.04	345	0	0	0	0	0	0	0	0	0	0	0	345	0	0	0	0	0	0	0	0	0	0	0	0	0	0	0	0	0	0	0
Rowles Stereograph Collection	Louisiana State Museum	0.04	381	0	0	0	0	0	0	0	0	0	0	0	381	0	0	0	0	0	0	0	0	0	0	0	0	0	0	0	0	0	0	0
Sidonie de la Houssaye Collection	LSU	5.09	5279	75	0	0	0	0	0	0	0	0	0	0	5128	0	0	0	0	0	0	0	0	0	0	0	0	76	0	0	0	0	0	0
Slavery, the Civil War, and Reconstruction	Tulane	0	0	0	0	0	0	0	0	0	0	0	0	0	0	0	0	0	0	0	0	0	0	0	0	0	0	0	0	0	0	0	0	0
Sobre las Olas- Mexican Music from Nineteenth-Century New Orleans	LSU	0.21	48	0	0	0	0	0	0	0	0	0	0	0	0	0	0	0	0	0	0	0	48	0	0	0	0	0	0	0	0	0	0	0
Social Framework - Photographs by Marion Palfi, 1945-1960	Tulane	0.33	246	0	0	0	0	0	0	0	0	0	246	0	0	0	0	0	0	0	0	0	0	0	0	0	0	0	0	0	0	0	0	0
Sounding Translation	Tulane	0.11	12	4	0	0	0	0	0	0	0	0	0	0	4	0	0	0	0	4	0	0	0	0	0	0	0	0	0	0	0	0	0	0
Sounds of Louisiana	Tulane	0.1	35	10	0	0	0	0	0	0	0	0	0	0	11	0	0	0	0	11	0	0	0	0	0	0	0	0	0	0	3	0	0	0
Southwestern Louisiana Institute Photographs, 1923-1940	ULL	0.33	2524	0	0	0	0	0	0	0	0	0	0	0	2524	0	0	0	0	0	0	0	0	0	0	0	0	0	0	0	0	0	0	0
State Library of Louisiana Historic Photograph Collection	State Library 	2.83	10606	1	0	0	0	0	0	0	0	0	1873	0	8732	0	0	0	0	0	0	0	0	0	0	0	0	0	0	0	0	0	0	0
StoryCorps	UNO	19.48	3261	371	0	0	0	0	0	0	0	0	41	0	1700	0	0	0	0	390	0	0	758	0	0	0	0	0	0	0	1	0	0	0
Strand Theater Collection	LSUS	0.02	89	0	0	0	0	0	0	0	0	0	0	0	89	0	0	0	0	0	0	0	0	0	0	0	0	0	0	0	0	0	0	0
T. Harry Williams Center for Oral History	LSU	0.02	5	0	0	0	0	0	0	0	0	0	5	0	0	0	0	0	0	0	0	0	0	0	0	0	0	0	0	0	0	0	0	0
T. Harry Williams Center for Oral History Floods, Storms and Levee Breaks	LSU	0.08	7	0	0	0	0	0	0	0	0	0	0	0	0	0	0	0	0	0	0	0	7	0	0	0	0	0	0	0	0	0	0	0
T. Harry Williams Center for Oral History Four Corners of Louisiana Collection	LSU	0	5	0	0	0	0	0	0	0	0	0	0	0	0	0	0	0	0	0	0	0	5	0	0	0	0	0	0	0	0	0	0	0
T. Harry Williams Center for Oral History Military History Collection	LSU	0.07	10	1	0	0	0	0	0	0	0	0	0	0	0	0	0	0	0	1	0	0	8	0	0	0	0	0	0	0	0	0	0	0
T. Harry Williams Center for Oral History Political Collection	LSU	0.77	17	1	0	0	0	0	0	0	0	0	1	0	0	0	0	0	0	5	0	0	10	0	0	0	0	0	0	0	0	0	0	0
T. Harry Williams Center for Oral History Presentations and Publications	LSU	0	1	0	0	0	0	0	0	0	0	0	0	0	0	0	0	0	0	0	0	0	1	0	0	0	0	0	0	0	0	0	0	0
T. Harry Williams Center for Oral History University History Collection	LSU	0	5	0	0	0	0	0	0	0	0	0	0	0	0	0	0	0	0	0	0	0	5	0	0	0	0	0	0	0	0	0	0	0
Teaching American History Collection	TAHIL	0.01	51	0	0	0	51	0	0	0	0	0	0	0	0	0	0	0	0	0	0	0	0	0	0	0	0	0	0	0	0	0	0	0
Telling-Grandon Scrapbook	UNO	0.55	156	1	0	0	0	0	0	0	0	0	0	0	155	0	0	0	0	0	0	0	0	0	0	0	0	0	0	0	0	0	0	0
Tensas River National Wildlife Refuge Ivory Billed Woodpecker Records	LSU	0.08	106	0	0	0	0	0	0	0	0	0	0	0	106	0	0	0	0	0	0	0	0	0	0	0	0	0	0	0	0	0	0	0
The Architect's Eye	Tulane	1.85	116	0	0	0	0	0	0	0	0	0	110	0	0	0	0	0	0	0	0	0	0	0	0	0	0	6	0	0	0	0	0	0
The Crescent City Pictorial	Tulane	0.09	36	1	0	0	0	0	0	0	0	0	35	0	0	0	0	0	0	0	0	0	0	0	0	0	0	0	0	0	0	0	0	0
The Daily Reveille - Louisiana State University	LSU	0	0	0	0	0	0	0	0	0	0	0	0	0	0	0	0	0	0	0	0	0	0	0	0	0	0	0	0	0	0	0	0	0
The Southern Food and Beverage Museum Menus Collection	UNO	0	0	0	0	0	0	0	0	0	0	0	0	0	0	0	0	0	0	0	0	0	0	0	0	0	0	0	0	0	0	0	0	0
The STAR- Radiating the Light of Truth on Hansen's Disease	LSUHSCNO	5.94	661	431	0	0	0	0	0	0	0	0	0	0	0	0	0	0	0	0	0	0	230	0	0	0	0	0	0	0	0	0	0	0
Thomas H. and Joan W. Gandy Photograph Collection	LSU	0.17	161	0	0	0	0	0	0	0	0	0	0	0	161	0	0	0	0	0	0	0	0	0	0	0	0	0	0	0	0	0	0	0
Tiger Rag – Student newspapers of LSU School of Medicine, New Orleans	LSUHSCNO	0.9	532	0	0	0	0	0	0	0	0	0	0	0	0	0	0	0	0	0	0	0	532	0	0	0	0	0	0	0	0	0	0	0
Tom Bell Papers, 1895-1999	LSUS	0.04	168	7	0	0	0	0	0	0	0	0	0	0	161	0	0	0	0	0	0	0	0	0	0	0	0	0	0	0	0	0	0	0
Tulane Library Speaker Series	Tulane	6.84	8	0	0	0	0	0	0	0	0	0	0	0	0	0	0	0	0	0	8	0	0	0	0	0	0	0	0	0	0	0	0	0
Tulane University	Tulane	0.25	241	42	0	0	0	0	0	0	0	0	0	0	196	0	0	0	0	1	2	0	0	0	0	0	0	0	0	0	0	0	0	0
Tulane University Band Historical Collection	Tulane	0.59	296	33	0	0	0	0	0	0	0	0	1	0	14	0	0	0	0	248	0	0	0	0	0	0	0	0	0	0	0	0	0	0
Tulane University Football Programs	Tulane	1.19	187	0	0	0	0	0	0	0	0	0	0	0	0	0	0	0	0	0	0	0	187	0	0	0	0	0	0	0	0	0	0	0
Tulane University Theses and Dissertations Archive	Tulane	3	4952	1	0	0	0	0	0	0	0	0	42	0	1	0	0	0	0	0	0	4482	425	0	0	0	0	0	0	0	0	0	0	1
U.S. Army 64th General Hospital, organized by LSU Medical School	LSUHSCNO	0.85	1112	480	0	0	0	0	0	0	0	0	632	0	0	0	0	0	0	0	0	0	0	0	0	0	0	0	0	0	0	0	0	0
United States House and Senate Committee Hearings and Publications	UNO	62.96	1569	1569	0	0	0	0	0	0	0	0	0	0	0	0	0	0	0	0	0	0	0	0	0	0	0	0	0	0	0	0	0	0
University of New Orleans Anniversary	UNO	2.98	277	138	0	0	0	0	0	0	0	0	0	0	0	0	0	0	0	139	0	0	0	0	0	0	0	0	0	0	0	0	0	0
University of New Orleans Senior Honors Theses	UNO	4.27	242	239	0	0	0	0	0	0	0	0	0	0	0	0	0	0	0	0	2	0	1	0	0	0	0	0	0	0	0	0	0	0
University of New Orleans Yearbook	UNO	0	0	0	0	0	0	0	0	0	0	0	0	0	0	0	0	0	0	0	0	0	0	0	0	0	0	0	0	0	0	0	0	0
UNO Historical Archives of the Supreme Court of Louisiana	UNO	17.44	22846	1076	0	0	0	0	0	0	0	0	0	0	21770	0	0	0	0	0	0	0	0	0	0	0	0	0	0	0	0	0	0	0
UNO Test Collection	UNO	0.17	91	1	0	0	0	0	0	0	0	0	90	0	0	0	0	0	0	0	0	0	0	0	0	0	0	0	0	0	0	0	0	0
Verla Birrell Textiles and Designs	SUBR	0	36	0	0	0	0	0	0	0	0	0	0	0	36	0	0	0	0	0	0	0	0	0	0	0	0	0	0	0	0	0	0	0
Veterans of Southeast Louisiana	Nicholls	3.11	369	1	0	0	0	0	0	0	0	0	202	0	63	0	99	0	1	0	0	0	2	0	0	0	0	0	0	0	0	1	0	0
William Barth Photographs of Mississippi and Atchafalaya River operations	LSU	0.78	249	0	0	0	0	0	0	0	0	0	249	0	0	0	0	0	0	0	0	0	0	0	0	0	0	0	0	0	0	0	0	0
William Branks Stewart Collection	LSUHSCNO	0	29	6	0	0	0	0	0	0	0	0	0	0	23	0	0	0	0	0	0	0	0	0	0	0	0	0	0	0	0	0	0	0
William J. Thornton Music Collection	LSU	0.5	60	0	0	0	0	0	0	0	0	0	0	0	0	0	0	0	0	0	0	0	60	0	0	0	0	0	0	0	0	0	0	0
William Waller Survey Collection	LSU	0.67	214	30	0	0	0	0	0	0	0	0	184	0	0	0	0	0	0	0	0	0	0	0	0	0	0	0	0	0	0	0	0	0
Wiseman Photograph Collection	LSU	0	0	0	0	0	0	0	0	0	0	0	0	0	0	0	0	0	0	0	0	0	0	0	0	0	0	0	0	0	0	0	0	0
World War I Maxillofacial Wounds Photo Album		0	0	0	0	0	0	0	0	0	0	0	0	0	0	0	0	0	0	0	0	0	0	0	0	0	0	0	0	0	0	0	0	0
Wright-Boyd Family Papers at LSU Libraries	LSU	0.01	20	2	0	0	0	0	0	0	0	0	0	0	18	0	0	0	0	0	0	0	0	0	0	0	0	0	0	0	0	0	0	0
WTUL - a collection from Tulane University's independent radio station	Tulane	1.2	231	0	0	0	0	0	0	0	0	0	14	0	0	0	0	0	0	124	0	0	93	0	0	0	0	0	0	0	0	0	0	0
ZEEs TEST COLLECTION	N/A	0.13	57	7	0	0	0	0	0	0	0	0	44	0	0	0	0	0	0	0	0	0	2	0	0	0	0	0	0	4	0	0	0	0
All collections		994.82	380287	18591	1	1	242	10	3	2175	1	69	212031	3	108903	1	99	587	166	1142	103	4483	26157	10	1411	2	804	754	10	2519	4	1	3	1
Total		994.82	380287	18591	1	1	242	10	3	2175	1	69	212031	3	108903	1	99	587	166	1142	103	4483	26157	10	1411	2	804	754	10	2519	4	1	3	1
